SEED1,SEED2,X,Y,Z
10482,82910,-0.0393735,0.382904,-7.39977
59201,38192,-1.54148,0.722111,-7.39977
84920,10293,0.699836,-1.80681,-7.39977
29183,48102,1.78555,-1.60783,-7.39977
67291,59203,0.435264,1.62928,-7.39977
10294,84930,0.905285,-1.53933,-7.39977
48291,58291,-0.910819,-0.472826,-7.39977
93021,29102,-0.145765,-0.859889,-7.39977